Game ID,Game Name,Player Name,Player ID,Score,Level Reached,Time Played,Date Played
G003,Casio Maze,Nikhil,P007,4524,12,9 min,2025-07-10
G004,Casio Racer,Anu,P010,4150,5,20 min,2025-06-15
G001,Casio Jumpers,Karan,P005,7117,14,17 min,2025-06-22
G004,Casio Racer,Nikhil,P007,8424,9,14 min,2025-06-30
G001,Casio Jumpers,Suresh,P009,7608,9,27 min,2025-06-24
G001,Casio Jumpers,Suresh,P009,6889,15,26 min,2025-06-01
G003,Casio Maze,Meena,P006,2377,5,9 min,2025-05-28
G004,Casio Racer,Meena,P006,2161,12,27 min,2025-05-28
G003,Casio Maze,Ragul,P001,6545,9,20 min,2025-07-07
G004,Casio Racer,Nikhil,P007,2355,13,16 min,2025-07-20
G001,Casio Jumpers,Meena,P006,8234,1,28 min,2025-07-20
G001,Casio Jumpers,Meena,P006,8534,2,5 min,2025-06-23
G001,Casio Jumpers,Karan,P005,1793,7,9 min,2025-07-04
G003,Casio Maze,Anu,P010,1284,2,15 min,2025-07-22
G003,Casio Maze,Meena,P006,7467,15,26 min,2025-06-27
G002,Casio Blaster,Ragul,P001,3132,12,28 min,2025-07-22
G001,Casio Jumpers,Priya,P004,4315,6,19 min,2025-06-14
G004,Casio Racer,Karan,P005,5135,6,24 min,2025-06-01
G001,Casio Jumpers,Divya,P008,6225,8,29 min,2025-06-25
G001,Casio Jumpers,Anu,P010,5243,5,10 min,2025-07-24
G001,Casio Jumpers,Ragul,P001,5228,1,25 min,2025-05-28
G003,Casio Maze,Karan,P005,2645,10,19 min,2025-06-07
G001,Casio Jumpers,Meena,P006,5148,10,5 min,2025-06-06
G003,Casio Maze,Meena,P006,6581,12,19 min,2025-07-11
G002,Casio Blaster,Ragul,P001,7711,10,21 min,2025-06-28
G001,Casio Jumpers,Divya,P008,2091,9,10 min,2025-06-16
G004,Casio Racer,Hema,P002,7916,2,11 min,2025-07-21
G003,Casio Maze,Nikhil,P007,8064,1,7 min,2025-07-20
G003,Casio Maze,Hema,P002,7535,11,14 min,2025-07-21
G003,Casio Maze,Priya,P004,8961,14,14 min,2025-07-08
G004,Casio Racer,Anu,P010,6061,6,18 min,2025-07-07
G004,Casio Racer,Meena,P006,4762,5,22 min,2025-06-14
G003,Casio Maze,Hema,P002,9301,15,22 min,2025-06-25
G002,Casio Blaster,Anu,P010,2252,6,10 min,2025-06-14
G003,Casio Maze,Meena,P006,3178,4,12 min,2025-06-06
G002,Casio Blaster,Ragul,P001,6670,12,24 min,2025-06-23
G003,Casio Maze,Meena,P006,1313,15,22 min,2025-06-30
G001,Casio Jumpers,Nikhil,P007,8009,4,24 min,2025-06-05
G002,Casio Blaster,Anu,P010,9561,14,16 min,2025-06-10
G002,Casio Blaster,Divya,P008,8004,4,12 min,2025-05-25
G002,Casio Blaster,Anu,P010,2433,13,16 min,2025-07-02
G003,Casio Maze,Anu,P010,9758,15,6 min,2025-07-11
G002,Casio Blaster,Divya,P008,5239,1,20 min,2025-07-01
G001,Casio Jumpers,Hema,P002,4965,4,7 min,2025-07-23
G002,Casio Blaster,Priya,P004,9264,11,26 min,2025-07-07
G003,Casio Maze,Arjun,P003,6172,13,12 min,2025-06-15
G001,Casio Jumpers,Priya,P004,7310,2,26 min,2025-06-23
G004,Casio Racer,Ragul,P001,9430,9,20 min,2025-07-15
G003,Casio Maze,Meena,P006,5436,5,18 min,2025-05-30
G004,Casio Racer,Divya,P008,7373,3,11 min,2025-07-19
G004,Casio Racer,Nikhil,P007,1906,6,27 min,2025-06-01
G003,Casio Maze,Hema,P002,5610,4,11 min,2025-07-03
G002,Casio Blaster,Ragul,P001,2973,2,30 min,2025-06-07
G003,Casio Maze,Priya,P004,7827,14,28 min,2025-07-01
G004,Casio Racer,Suresh,P009,7905,4,24 min,2025-06-18
G003,Casio Maze,Ragul,P001,7065,1,20 min,2025-07-16
G004,Casio Racer,Hema,P002,4539,1,27 min,2025-07-12
G003,Casio Maze,Hema,P002,3829,3,5 min,2025-07-09
G002,Casio Blaster,Nikhil,P007,3215,11,16 min,2025-05-30
G001,Casio Jumpers,Divya,P008,9777,1,6 min,2025-07-14
G004,Casio Racer,Ragul,P001,8681,11,18 min,2025-06-29
G004,Casio Racer,Divya,P008,3405,11,20 min,2025-05-29
G003,Casio Maze,Ragul,P001,9894,1,16 min,2025-07-24
G001,Casio Jumpers,Meena,P006,9396,1,20 min,2025-06-14
G003,Casio Maze,Hema,P002,6316,7,9 min,2025-07-16
G002,Casio Blaster,Arjun,P003,7164,3,19 min,2025-06-30
G003,Casio Maze,Divya,P008,1364,5,20 min,2025-06-27
G004,Casio Racer,Divya,P008,6164,7,17 min,2025-06-07
G002,Casio Blaster,Divya,P008,9063,1,20 min,2025-06-06
G003,Casio Maze,Priya,P004,3714,2,27 min,2025-07-16
G002,Casio Blaster,Meena,P006,6824,6,6 min,2025-06-22
G004,Casio Racer,Meena,P006,2512,3,28 min,2025-07-13
G004,Casio Racer,Ragul,P001,1708,3,7 min,2025-06-20
G004,Casio Racer,Karan,P005,1979,9,18 min,2025-06-15
G004,Casio Racer,Suresh,P009,4670,13,22 min,2025-06-05
G003,Casio Maze,Divya,P008,6962,15,16 min,2025-07-10
G003,Casio Maze,Divya,P008,8136,6,7 min,2025-06-06
G001,Casio Jumpers,Priya,P004,9331,4,16 min,2025-05-31
G004,Casio Racer,Ragul,P001,2077,8,29 min,2025-06-05
G004,Casio Racer,Suresh,P009,2257,2,11 min,2025-05-29
G002,Casio Blaster,Arjun,P003,5076,4,29 min,2025-06-17
G002,Casio Blaster,Suresh,P009,7984,5,18 min,2025-05-30
G001,Casio Jumpers,Ragul,P001,9784,5,25 min,2025-06-13
G001,Casio Jumpers,Ragul,P001,8908,15,29 min,2025-07-07
G003,Casio Maze,Anu,P010,2461,15,23 min,2025-07-12
G004,Casio Racer,Arjun,P003,7106,10,12 min,2025-06-07
G004,Casio Racer,Suresh,P009,6837,13,6 min,2025-07-23
G002,Casio Blaster,Divya,P008,7325,15,29 min,2025-06-21
G002,Casio Blaster,Anu,P010,6785,2,5 min,2025-07-01
G002,Casio Blaster,Hema,P002,9362,4,28 min,2025-07-15
G004,Casio Racer,Meena,P006,6264,3,5 min,2025-06-28
G002,Casio Blaster,Anu,P010,4891,15,21 min,2025-06-11
G003,Casio Maze,Nikhil,P007,4629,4,23 min,2025-05-31
G004,Casio Racer,Priya,P004,9983,4,11 min,2025-05-29
G002,Casio Blaster,Meena,P006,1433,15,8 min,2025-07-17
G002,Casio Blaster,Ragul,P001,2470,4,24 min,2025-07-18
G004,Casio Racer,Suresh,P009,4215,10,24 min,2025-05-28
G002,Casio Blaster,Priya,P004,5481,9,9 min,2025-07-12
G001,Casio Jumpers,Anu,P010,4326,12,22 min,2025-06-05
G004,Casio Racer,Hema,P002,5518,13,10 min,2025-07-05
G002,Casio Blaster,Priya,P004,3706,13,8 min,2025-06-26
G001,Casio Jumpers,Nikhil,P007,1597,3,5 min,2025-06-28
G003,Casio Maze,Karan,P005,7815,2,24 min,2025-07-04
G004,Casio Racer,Divya,P008,6937,7,14 min,2025-06-19
G002,Casio Blaster,Ragul,P001,1497,4,22 min,2025-07-11
G003,Casio Maze,Ragul,P001,1598,7,23 min,2025-05-27
G004,Casio Racer,Anu,P010,3176,11,13 min,2025-06-01
G001,Casio Jumpers,Ragul,P001,4970,2,29 min,2025-07-24
G001,Casio Jumpers,Divya,P008,1305,11,20 min,2025-07-14
G001,Casio Jumpers,Nikhil,P007,4393,7,22 min,2025-06-29
G003,Casio Maze,Arjun,P003,6454,8,25 min,2025-05-31
G001,Casio Jumpers,Hema,P002,1255,4,8 min,2025-06-15
G001,Casio Jumpers,Ragul,P001,4710,15,10 min,2025-07-07
G003,Casio Maze,Meena,P006,4378,14,29 min,2025-07-02
G004,Casio Racer,Meena,P006,4963,13,25 min,2025-06-15
G003,Casio Maze,Karan,P005,6095,14,12 min,2025-06-06
G002,Casio Blaster,Nikhil,P007,8212,8,13 min,2025-06-19
G003,Casio Maze,Meena,P006,2533,2,16 min,2025-07-05
G004,Casio Racer,Divya,P008,4103,15,18 min,2025-06-10
G001,Casio Jumpers,Hema,P002,3147,1,14 min,2025-07-24
G004,Casio Racer,Anu,P010,1664,8,30 min,2025-07-18
G004,Casio Racer,Arjun,P003,8770,13,9 min,2025-06-07
G002,Casio Blaster,Priya,P004,1513,14,24 min,2025-06-12
G003,Casio Maze,Suresh,P009,6386,1,22 min,2025-07-03
G002,Casio Blaster,Suresh,P009,3146,5,17 min,2025-07-23
G004,Casio Racer,Anu,P010,5011,15,23 min,2025-05-31
G002,Casio Blaster,Hema,P002,6815,5,10 min,2025-07-08
G003,Casio Maze,Nikhil,P007,7580,12,22 min,2025-07-11
G001,Casio Jumpers,Divya,P008,8378,3,17 min,2025-06-23
G001,Casio Jumpers,Suresh,P009,4188,12,27 min,2025-05-26
G003,Casio Maze,Nikhil,P007,7296,4,17 min,2025-05-30
G003,Casio Maze,Divya,P008,5856,5,14 min,2025-07-24
G004,Casio Racer,Meena,P006,1360,9,30 min,2025-07-13
G003,Casio Maze,Suresh,P009,8772,13,28 min,2025-07-16
G003,Casio Maze,Meena,P006,1595,12,7 min,2025-07-04
G003,Casio Maze,Arjun,P003,4003,15,13 min,2025-06-17
G004,Casio Racer,Karan,P005,8134,7,29 min,2025-07-17
G001,Casio Jumpers,Suresh,P009,4843,2,15 min,2025-07-21
G001,Casio Jumpers,Priya,P004,1379,8,5 min,2025-06-10
G001,Casio Jumpers,Karan,P005,8880,1,20 min,2025-06-17
G003,Casio Maze,Divya,P008,4181,13,5 min,2025-06-25
G001,Casio Jumpers,Hema,P002,5850,8,24 min,2025-07-14
G004,Casio Racer,Hema,P002,7210,11,9 min,2025-07-21
G003,Casio Maze,Ragul,P001,4902,9,20 min,2025-06-29
G004,Casio Racer,Karan,P005,4213,10,29 min,2025-07-09
G003,Casio Maze,Anu,P010,3901,3,15 min,2025-07-05
G004,Casio Racer,Suresh,P009,3229,10,30 min,2025-06-13
G004,Casio Racer,Divya,P008,5334,14,19 min,2025-06-30
G003,Casio Maze,Karan,P005,7721,1,17 min,2025-05-26
G004,Casio Racer,Nikhil,P007,2373,13,27 min,2025-07-17
G003,Casio Maze,Ragul,P001,9223,6,16 min,2025-05-30
G004,Casio Racer,Arjun,P003,8589,7,28 min,2025-07-07
G004,Casio Racer,Suresh,P009,8716,1,25 min,2025-06-11
G004,Casio Racer,Nikhil,P007,1115,8,16 min,2025-05-31
G003,Casio Maze,Ragul,P001,2028,11,8 min,2025-07-03
G001,Casio Jumpers,Arjun,P003,1062,3,12 min,2025-06-12
G003,Casio Maze,Meena,P006,5338,6,9 min,2025-06-09
G001,Casio Jumpers,Anu,P010,5676,3,24 min,2025-06-17
G004,Casio Racer,Anu,P010,2508,6,28 min,2025-06-27
G003,Casio Maze,Hema,P002,2006,12,29 min,2025-06-06
G002,Casio Blaster,Nikhil,P007,6871,4,22 min,2025-07-11
G001,Casio Jumpers,Suresh,P009,7187,9,22 min,2025-07-06
G004,Casio Racer,Priya,P004,3269,6,19 min,2025-06-10
G003,Casio Maze,Suresh,P009,4588,11,21 min,2025-06-04
G002,Casio Blaster,Nikhil,P007,5925,13,21 min,2025-06-28
G003,Casio Maze,Meena,P006,3013,4,20 min,2025-05-30
G002,Casio Blaster,Karan,P005,2356,3,23 min,2025-05-25
G002,Casio Blaster,Karan,P005,3436,3,21 min,2025-06-23
G001,Casio Jumpers,Ragul,P001,4640,8,14 min,2025-07-07
G002,Casio Blaster,Karan,P005,6101,12,23 min,2025-07-18
G001,Casio Jumpers,Karan,P005,9716,14,18 min,2025-06-19
G001,Casio Jumpers,Suresh,P009,6554,9,5 min,2025-07-09
G002,Casio Blaster,Hema,P002,7970,14,18 min,2025-07-15
G001,Casio Jumpers,Priya,P004,7110,7,15 min,2025-06-16
G002,Casio Blaster,Priya,P004,6263,3,6 min,2025-07-10
G003,Casio Maze,Karan,P005,6785,4,13 min,2025-06-23
G001,Casio Jumpers,Karan,P005,8431,7,8 min,2025-06-07
G003,Casio Maze,Nikhil,P007,5974,4,21 min,2025-07-21
G002,Casio Blaster,Suresh,P009,3717,15,10 min,2025-05-28
G002,Casio Blaster,Arjun,P003,6241,12,30 min,2025-07-19
G002,Casio Blaster,Arjun,P003,7864,14,22 min,2025-06-13
G003,Casio Maze,Priya,P004,1075,4,18 min,2025-06-26
G001,Casio Jumpers,Meena,P006,9965,1,29 min,2025-06-12
G001,Casio Jumpers,Priya,P004,7924,12,12 min,2025-06-20
G002,Casio Blaster,Anu,P010,3590,11,30 min,2025-06-19
G003,Casio Maze,Karan,P005,1780,14,29 min,2025-07-19
G002,Casio Blaster,Hema,P002,6444,5,19 min,2025-06-26
G001,Casio Jumpers,Arjun,P003,2065,3,26 min,2025-06-11
G004,Casio Racer,Priya,P004,8047,15,11 min,2025-07-08
G001,Casio Jumpers,Priya,P004,4475,15,25 min,2025-06-10
G004,Casio Racer,Meena,P006,3618,1,15 min,2025-06-29
G001,Casio Jumpers,Nikhil,P007,8145,7,26 min,2025-07-01
G003,Casio Maze,Suresh,P009,7380,4,22 min,2025-06-21
G004,Casio Racer,Anu,P010,3776,9,26 min,2025-05-30
G004,Casio Racer,Suresh,P009,4052,11,10 min,2025-07-10
G004,Casio Racer,Karan,P005,1616,7,27 min,2025-06-09
G003,Casio Maze,Hema,P002,1449,14,11 min,2025-05-25
G003,Casio Maze,Priya,P004,2818,13,20 min,2025-07-22
G003,Casio Maze,Divya,P008,6814,7,19 min,2025-06-05
G002,Casio Blaster,Karan,P005,6387,14,11 min,2025-07-23
